fragment,volume_key,pixel_size_um,prop_distance_m,energy_keV,delta_beta,raw_edge_strength,raw_bimodal_snr,raw_local_contrast,filtered_edge_strength,filtered_bimodal_snr,filtered_local_contrast,edge_reduction_pct,efficiency
PHerc0009B,2.401um-0.3m-77keV,2.401,0.3,77.0,5000,224.03570556640625,3.2341290722518545,0.28718996047973633,18.055774688720703,4.201160782606581,0.06329654902219772,91.94067095551928,0.004694786070828263
PHerc0009B,8.640um-1.2m-116keV,8.64,1.2,116.0,50,275.1763000488281,1.7880100837308337,0.264816015958786,187.48594665527344,1.6937856934047126,0.21750475466251373,31.86697160256703,-0.001074512608054407
PHerc0343P,2.215um-0.4m-111keV,2.215,0.4,111.0,2000,112.60550689697266,3.67482684099695,0.17516431212425232,14.542706489562988,4.793347519107188,0.06665436923503876,87.08526173336381,0.011406167001791256
PHerc0343P,8.640um-1.2m-116keV,8.64,1.2,116.0,500,314.1018981933594,3.108953299095787,0.3484521210193634,82.83358764648438,3.452730436911702,0.16732586920261383,73.62843455486141,0.0014864861381267186
PHerc0500P2,2.215um-0.4m-111keV,2.215,0.4,111.0,50,129.18978881835938,2.7238264534281145,0.2665806710720062,72.105712890625,2.8184646815423826,0.22004084289073944,44.18621351567846,0.0016578743997551167
PHerc0500P2,4.317um-1.2m-111keV,4.317,1.2,111.0,50,135.09255981445312,2.7176865314975966,0.34982994198799133,91.75440216064453,2.701520479722003,0.29267436265945435,32.08034381266642,-0.00037302120465596277
PHerc0500P2,9.362um-1.2m-113keV,9.362,1.2,113.0,10000,314.9158630371094,2.1056621699818576,0.392419695854187,13.711653709411621,3.172219040334884,0.06276046484708786,95.64593108229805,0.0035409759801618727
